application_id,age,income,loan_amount,term_months,credit_utilisation,num_delinquencies,employment_status,housing,purpose,region,default
A00001,67,59693.0,16299.15,36,0.0723,1,employed,mortgage,education,QLD,0
A00002,51,48368.16,5756.48,12,0.1683,2,employed,rent,home_improvement,VIC,1
A00003,54,49433.31,12204.78,24,0.5453,0,employed,mortgage,debt_consolidation,WA,0
A00004,64,55516.56,5790.2,36,0.3903,0,self_employed,mortgage,other,VIC,0
A00005,49,106972.09,21607.12,36,0.2173,0,unemployed,rent,other,WA,1
A00006,59,69567.97,43813.31,36,0.076,0,unemployed,mortgage,other,VIC,0
A00007,61,52769.73,36803.68,24,0.4517,1,employed,own,car,NSW,1
A00008,32,41742.44,9590.15,60,0.1771,1,unemployed,rent,debt_consolidation,QLD,0
A00009,23,40710.88,17053.65,36,0.5127,0,employed,mortgage,home_improvement,WA,1
A00010,35,111437.29,11761.64,36,0.2337,2,retired,mortgage,debt_consolidation,VIC,0
A00011,34,68050.77,11629.07,36,0.1579,0,employed,mortgage,debt_consolidation,SA,0
A00012,63,55848.49,27685.23,12,0.1891,0,unemployed,mortgage,debt_consolidation,QLD,0
A00013,65,46361.2,4956.68,24,0.2071,0,self_employed,mortgage,debt_consolidation,SA,0
A00014,21,32890.07,20602.69,12,0.482,0,employed,mortgage,other,NSW,0
A00015,45,52570.6,10621.28,24,0.0872,2,self_employed,rent,education,SA,1
A00016,61,80269.59,25466.63,24,0.1624,1,retired,own,car,QLD,0
A00017,27,45404.12,12238.48,24,0.387,0,employed,own,home_improvement,SA,1
A00018,60,48910.18,7305.6,24,0.2215,2,self_employed,mortgage,education,VIC,1
A00019,26,49047.01,12916.8,24,0.2382,0,,mortgage,education,VIC,1
A00020,43,56915.19,17010.4,48,0.4903,2,self_employed,rent,other,WA,1
A00021,61,26453.54,11175.27,12,0.0648,0,employed,rent,debt_consolidation,QLD,0
A00022,35,48731.0,14659.19,12,0.0699,0,self_employed,rent,debt_consolidation,NSW,0
A00023,37,36883.59,7998.38,48,0.257,0,employed,rent,other,NSW,1
A00024,34,80665.26,3040.17,36,0.4289,1,employed,rent,debt_consolidation,SA,1
A00025,56,38300.97,18769.98,24,0.0708,1,unemployed,rent,car,QLD,1
A00026,33,70239.85,16638.85,24,0.3673,0,employed,own,other,NSW,0
A00027,69,107580.73,11955.03,36,0.3675,1,retired,rent,debt_consolidation,NSW,0
A00028,42,47046.03,11396.33,24,0.3487,0,employed,rent,debt_consolidation,VIC,0
A00029,44,41327.8,20369.16,48,0.2292,0,employed,rent,education,NSW,0
A00030,45,59050.28,8314.33,48,0.071,1,retired,own,home_improvement,VIC,0
A00031,49,54126.92,7158.67,24,0.1156,1,employed,own,other,QLD,0
A00032,48,34643.75,9768.03,12,0.2862,1,employed,rent,other,NSW,0
A00033,45,66663.56,22324.91,48,0.0387,1,retired,own,car,NSW,0
A00034,69,134186.01,4758.71,24,0.2717,0,retired,mortgage,debt_consolidation,WA,0
A00035,60,48235.45,22361.54,36,0.2401,0,employed,own,car,NSW,0
A00036,59,49449.43,7453.57,48,0.5945,0,employed,mortgage,education,NSW,0
A00037,55,33852.92,5650.81,48,0.0895,1,employed,rent,debt_consolidation,WA,1
A00038,51,62541.76,23296.0,48,0.4255,0,employed,mortgage,home_improvement,QLD,0
A00039,37,30910.79,10320.28,36,0.308,0,employed,own,car,VIC,1
A00040,69,32921.49,5013.35,48,0.6663,1,employed,own,education,WA,0
A00041,43,96360.37,8819.85,36,0.4084,0,employed,rent,car,NSW,0
A00042,31,36045.82,19122.7,24,0.2837,0,employed,mortgage,home_improvement,NSW,0
A00043,62,88133.76,22364.82,36,0.4062,0,self_employed,own,debt_consolidation,WA,0
A00044,28,107576.89,8465.39,24,0.3729,0,employed,rent,education,QLD,0
A00045,63,60882.25,13957.78,48,0.1692,0,employed,rent,home_improvement,VIC,0
A00046,51,69496.12,16788.52,48,0.038,0,employed,own,debt_consolidation,VIC,0
A00047,26,130419.69,7429.58,12,0.4219,0,self_employed,rent,education,NSW,0
A00048,23,49586.42,13534.83,24,0.4204,0,employed,rent,other,NSW,1
A00049,42,41487.5,10730.8,24,0.1881,0,employed,own,other,VIC,0
A00050,22,29467.58,7929.82,36,0.4539,0,self_employed,own,debt_consolidation,WA,1
A00051,27,55202.76,8141.35,60,0.2741,0,employed,mortgage,car,NSW,0
A00052,46,105410.22,11386.92,60,0.5846,0,unemployed,own,other,NSW,0
A00053,68,83434.56,11135.71,60,0.2401,2,employed,mortgage,education,NSW,0
A00054,43,35456.4,7790.86,36,0.5295,0,unemployed,mortgage,debt_consolidation,NSW,1
A00055,60,36867.33,8471.25,36,0.3308,0,unemployed,rent,education,QLD,0
A00056,65,43179.58,21332.83,24,0.5331,1,self_employed,mortgage,education,QLD,1
A00057,61,61791.47,12435.32,24,0.1455,0,employed,own,car,QLD,0
A00058,51,49395.27,18602.6,12,0.2207,1,employed,rent,home_improvement,WA,1
A00059,42,59665.2,22496.01,48,0.2555,1,employed,rent,other,QLD,1
A00060,46,61915.93,15573.18,24,0.323,0,self_employed,own,debt_consolidation,QLD,0
A00061,34,47360.88,42724.67,12,0.2637,0,self_employed,mortgage,car,QLD,0
A00062,45,53205.75,6666.28,24,0.2842,0,unemployed,own,education,QLD,1
A00063,39,59454.5,17766.07,24,0.1788,0,employed,mortgage,home_improvement,QLD,0
A00064,33,52167.43,9037.28,36,0.0922,0,employed,own,car,SA,0
A00065,69,67953.87,33305.24,12,0.1506,0,self_employed,rent,car,NSW,0
A00066,21,125730.26,30341.27,24,0.1776,0,self_employed,own,debt_consolidation,QLD,1
A00067,25,70713.2,3386.23,48,0.3838,0,employed,rent,home_improvement,NSW,0
A00068,30,55554.22,6116.1,48,0.4645,0,employed,mortgage,other,NSW,0
A00069,68,25368.07,16294.58,36,0.1565,0,employed,mortgage,home_improvement,SA,0
A00070,54,64510.33,17569.51,36,0.7116,1,employed,own,home_improvement,VIC,0
A00071,64,22561.38,17016.5,24,0.1915,1,employed,own,car,VIC,1
A00072,30,28736.82,10482.69,48,0.1864,0,employed,rent,debt_consolidation,NSW,0
A00073,56,79585.54,14372.51,48,0.1115,0,employed,rent,home_improvement,VIC,0
A00074,39,74444.25,16184.56,36,0.3598,0,employed,own,other,NSW,0
A00075,44,50641.54,10438.72,24,0.2316,1,employed,mortgage,education,QLD,1
A00076,21,25096.78,20259.54,24,0.4274,0,employed,mortgage,debt_consolidation,SA,0
A00077,51,45839.12,2819.46,24,0.2204,2,employed,mortgage,other,QLD,0
A00078,61,39917.41,15998.91,24,0.149,0,self_employed,own,car,QLD,0
A00079,53,72155.47,5881.51,12,0.5843,0,self_employed,own,car,VIC,0
A00080,28,149638.66,19442.31,24,0.2989,0,self_employed,mortgage,debt_consolidation,VIC,0
A00081,47,59731.73,9535.62,24,0.266,0,employed,rent,car,QLD,0
A00082,34,38151.1,6417.14,24,0.1263,0,employed,own,debt_consolidation,VIC,0
A00083,68,31992.34,13688.91,24,0.185,1,employed,own,car,VIC,0
A00084,64,52825.94,6330.91,24,0.183,1,employed,own,other,VIC,0
A00085,30,50033.25,6325.47,24,0.3792,0,retired,rent,education,SA,0
A00086,45,32267.52,4271.09,36,0.3084,0,unemployed,rent,education,QLD,1
A00087,67,57088.61,10764.14,36,0.5673,2,employed,rent,other,QLD,1
A00088,62,32276.31,14736.67,24,0.2934,0,self_employed,mortgage,education,NSW,0
A00089,55,89361.77,20207.63,48,0.1186,0,self_employed,rent,home_improvement,WA,0
A00090,52,87394.95,10046.34,36,0.2203,0,unemployed,rent,home_improvement,VIC,0
A00091,23,88268.45,20510.93,36,0.3995,0,employed,rent,education,QLD,0
A00092,57,43768.83,11056.53,36,0.3969,1,unemployed,rent,other,VIC,0
A00093,44,68291.07,10342.6,48,0.1635,1,self_employed,rent,home_improvement,WA,1
A00094,25,51050.4,15431.06,48,0.2478,0,employed,mortgage,other,NSW,1
A00095,32,45480.3,20641.02,48,0.0874,0,employed,rent,other,NSW,0
A00096,47,46508.22,8911.87,36,0.4766,0,employed,own,car,NSW,1
A00097,56,30185.84,9449.74,36,0.2851,0,employed,rent,home_improvement,NSW,0
A00098,45,28289.93,9931.84,24,0.3586,0,retired,mortgage,education,QLD,0
A00099,51,77454.17,11494.93,36,0.411,0,self_employed,rent,home_improvement,NSW,0
A00100,63,49709.14,6372.55,24,0.1965,0,employed,own,other,NSW,0
A00101,54,59718.14,20268.1,24,0.2096,1,employed,rent,debt_consolidation,VIC,1
A00102,38,85030.87,8602.04,12,0.4166,0,employed,rent,education,NSW,0
A00103,52,24837.02,14435.79,24,0.2573,0,employed,own,home_improvement,WA,0
A00104,50,38068.46,6665.61,12,0.2794,0,employed,mortgage,other,VIC,1
A00105,26,58624.07,13565.46,36,0.2986,1,self_employed,mortgage,debt_consolidation,NSW,0
A00106,23,64630.56,13834.99,36,0.5504,0,employed,own,home_improvement,QLD,1
A00107,53,45721.16,8498.04,48,0.1961,0,employed,rent,other,SA,0
A00108,39,86088.46,36773.53,12,0.0302,0,employed,own,debt_consolidation,NSW,0
A00109,50,59556.32,13665.42,36,0.019,0,retired,own,debt_consolidation,NSW,0
A00110,36,31381.63,31766.18,48,0.6179,0,employed,own,debt_consolidation,VIC,1
A00111,32,35637.59,19447.69,12,0.277,0,employed,own,home_improvement,QLD,0
A00112,28,77843.99,7351.32,24,0.0617,1,self_employed,rent,home_improvement,SA,1
A00113,39,66750.97,8696.6,24,0.4812,0,employed,rent,home_improvement,NSW,0
A00114,61,23050.03,14209.43,36,0.1255,0,employed,rent,education,NSW,0
A00115,40,,11346.94,24,0.4698,0,employed,mortgage,home_improvement,NSW,0
A00116,39,70906.13,11267.49,36,0.1121,1,employed,rent,debt_consolidation,VIC,1
A00117,49,99161.42,9212.14,24,0.1273,0,employed,own,education,QLD,0
A00118,68,45585.03,3695.66,36,0.1789,1,employed,own,education,QLD,0
A00119,40,47426.3,9554.24,36,0.1999,0,employed,rent,home_improvement,QLD,1
A00120,49,32633.49,2890.33,36,0.3266,1,retired,rent,education,VIC,0
A00121,42,169671.3,13671.82,24,0.1345,1,employed,mortgage,other,VIC,0
A00122,50,50063.41,7075.3,36,0.4607,0,employed,own,education,SA,0
A00123,42,110679.06,7120.62,36,0.2845,0,employed,own,education,NSW,0
A00124,52,40486.28,9589.44,36,0.4965,0,employed,mortgage,car,NSW,0
A00125,47,58321.64,12882.22,12,0.3343,2,employed,rent,home_improvement,NSW,0
A00126,54,25537.2,4632.24,60,0.4138,1,employed,own,car,WA,1
A00127,67,45602.13,3830.84,36,0.1835,0,employed,rent,car,VIC,0
A00128,28,84346.59,5769.61,24,0.4117,0,employed,own,other,QLD,0
A00129,48,30844.55,3213.01,24,0.3108,0,employed,rent,car,QLD,0
A00130,42,87772.4,6123.51,36,0.058,1,self_employed,rent,education,WA,0
A00131,38,63054.65,28410.95,36,0.0966,1,self_employed,rent,home_improvement,VIC,0
A00132,32,33867.87,5802.53,24,0.1184,0,employed,own,car,VIC,1
A00133,23,43229.62,16168.87,24,0.2812,0,employed,mortgage,education,NSW,0
A00134,40,44064.97,4803.11,24,0.3786,0,self_employed,mortgage,car,VIC,0
A00135,61,52982.47,13088.28,48,0.1132,1,employed,mortgage,other,NSW,1
A00136,25,42562.77,9028.66,24,0.329,0,unemployed,mortgage,debt_consolidation,SA,1
A00137,40,37336.27,10552.44,12,0.4496,2,employed,own,other,QLD,0
A00138,68,47237.13,15386.82,36,0.1546,0,employed,mortgage,car,NSW,0
A00139,67,34128.89,31374.29,24,0.2014,0,employed,rent,other,VIC,0
A00140,31,30324.55,12293.47,12,0.5502,1,employed,rent,other,VIC,1
A00141,21,53014.49,11785.38,60,0.4026,1,unemployed,rent,other,QLD,1
A00142,53,80603.18,6099.61,24,0.0483,1,employed,own,home_improvement,SA,0
A00143,21,27222.05,15521.85,36,0.3722,2,self_employed,mortgage,debt_consolidation,NSW,0
A00144,35,54261.96,9436.65,24,0.3257,1,unemployed,rent,other,QLD,0
A00145,45,40437.78,18019.4,12,0.4837,0,,own,car,VIC,0
A00146,63,34901.48,10654.91,60,0.5924,0,employed,rent,education,SA,1
A00147,25,79542.52,31086.02,60,0.6212,0,employed,own,debt_consolidation,NSW,1
A00148,53,42908.43,3328.41,24,0.0857,0,employed,rent,debt_consolidation,QLD,0
A00149,47,106322.88,9154.86,24,0.4635,0,employed,mortgage,debt_consolidation,NSW,1
A00150,27,38142.04,18562.32,24,0.4495,0,retired,rent,education,VIC,0
A00151,62,64468.11,8862.5,24,0.2402,1,self_employed,rent,education,SA,0
A00152,62,48909.29,6800.12,36,0.2282,0,employed,mortgage,education,QLD,1
A00153,44,38587.75,9325.16,48,0.1928,0,employed,own,car,NSW,0
A00154,67,70576.59,4779.27,48,0.189,2,self_employed,own,home_improvement,SA,0
A00155,50,50526.73,11747.22,36,0.2023,0,self_employed,rent,debt_consolidation,VIC,1
A00156,65,71071.72,47300.55,12,0.1495,0,employed,own,debt_consolidation,VIC,0
A00157,68,53035.61,21742.39,24,0.3775,1,employed,rent,debt_consolidation,SA,0
A00158,48,33235.79,5622.85,36,0.219,2,employed,mortgage,car,QLD,0
A00159,34,51744.26,6476.89,36,0.2757,1,employed,rent,debt_consolidation,NSW,1
A00160,28,55457.92,8579.78,24,0.0984,0,employed,own,car,VIC,0
A00161,48,83392.06,19983.25,24,0.1379,0,retired,own,car,QLD,0
A00162,30,36032.58,6681.57,48,0.5562,1,employed,rent,other,VIC,1
A00163,57,53225.96,7229.04,12,0.4732,1,self_employed,mortgage,other,NSW,0
A00164,66,24963.11,18598.75,24,0.1028,0,employed,rent,other,VIC,0
A00165,33,72632.8,18375.83,24,0.2123,1,employed,rent,home_improvement,NSW,0
A00166,48,33300.67,8740.4,60,0.4619,3,,rent,education,NSW,0
A00167,23,24031.92,5593.4,24,0.1697,0,self_employed,own,car,NSW,0
A00168,29,52751.76,4316.3,12,0.4122,1,retired,rent,car,VIC,1
A00169,39,89103.89,7191.15,24,0.2415,1,employed,own,education,VIC,0
A00170,64,27282.45,2868.9,36,0.1048,1,employed,rent,education,NSW,0
A00171,68,33202.62,17152.38,24,0.185,0,employed,mortgage,car,QLD,0
A00172,52,38774.82,7494.93,48,0.3389,0,employed,own,education,QLD,0
A00173,49,32588.88,14599.99,24,0.4576,0,unemployed,rent,other,WA,0
A00174,48,64263.21,33556.8,36,0.2249,0,employed,rent,debt_consolidation,NSW,1
A00175,23,37672.46,22110.27,24,0.588,1,employed,own,debt_consolidation,QLD,1
A00176,39,39156.37,5482.51,48,0.5034,1,employed,mortgage,home_improvement,NSW,1
A00177,69,70437.95,18426.58,24,0.491,0,employed,own,other,VIC,0
A00178,41,38561.84,21910.35,36,0.2886,1,employed,mortgage,education,VIC,1
A00179,31,65824.74,6989.65,48,0.1426,0,employed,own,education,QLD,0
A00180,32,34992.07,6173.5,24,0.4202,1,self_employed,rent,car,VIC,0
A00181,55,31399.2,10241.31,12,0.1249,1,employed,mortgage,education,SA,1
A00182,22,23719.38,4184.51,36,0.2094,1,unemployed,mortgage,debt_consolidation,QLD,1
A00183,68,125184.17,26434.92,36,0.2555,1,employed,rent,education,VIC,1
A00184,63,46905.18,2583.19,36,0.2908,1,employed,own,home_improvement,WA,0
A00185,48,60461.98,5630.29,48,0.7235,0,employed,rent,car,NSW,0
A00186,43,53424.66,9304.57,36,0.2629,0,retired,rent,debt_consolidation,QLD,0
A00187,58,58219.92,9544.76,36,0.4943,0,employed,own,debt_consolidation,VIC,0
A00188,47,55401.33,12084.45,36,0.1177,1,employed,rent,debt_consolidation,NSW,1
A00189,44,127860.83,12872.77,36,0.1573,0,employed,mortgage,car,QLD,0
A00190,36,33944.53,9622.24,24,0.028,0,employed,rent,debt_consolidation,NSW,0
A00191,42,26880.11,21636.39,24,0.3365,1,employed,own,education,NSW,1
A00192,57,34358.96,3030.17,24,0.1484,0,retired,rent,other,NSW,0
A00193,23,29714.22,10936.94,24,0.1913,0,,rent,car,VIC,0
A00194,22,75821.18,7124.18,24,0.5165,1,employed,mortgage,other,QLD,0
A00195,56,78367.94,11843.19,48,0.3626,1,retired,rent,home_improvement,NSW,0
A00196,39,35150.99,12487.16,12,0.1101,1,employed,own,education,VIC,1
A00197,60,28978.34,6329.03,24,0.487,0,self_employed,own,car,SA,0
A00198,22,46181.82,7445.99,36,0.1744,1,employed,own,education,SA,0
A00199,65,101316.62,17598.2,24,0.3256,0,employed,mortgage,other,QLD,0
A00200,27,15232.61,13486.36,24,0.2005,0,employed,rent,debt_consolidation,NSW,1
A00201,41,68664.12,7272.47,24,0.4086,1,employed,own,education,VIC,1
A00202,68,33386.61,37195.18,36,0.0322,1,retired,mortgage,home_improvement,WA,0
A00203,26,86522.97,43717.62,36,0.0939,0,employed,own,car,WA,1
A00204,53,33354.04,4548.36,60,0.3188,0,employed,rent,other,SA,0
A00205,56,47646.42,13109.3,48,0.0771,0,employed,mortgage,other,VIC,0
A00206,41,27506.41,49286.06,24,0.3475,0,self_employed,mortgage,car,VIC,1
A00207,24,34899.72,17506.7,36,0.3198,0,employed,own,education,VIC,1
A00208,46,101075.96,12489.41,24,0.2245,0,employed,rent,debt_consolidation,WA,0
A00209,42,78375.01,9654.37,24,0.1663,0,employed,own,education,SA,0
A00210,63,45217.95,7905.26,60,0.2903,1,retired,rent,education,VIC,0
A00211,54,36622.66,9628.58,12,0.2842,1,employed,own,other,VIC,0
A00212,37,23104.59,7860.16,24,0.2342,0,employed,own,car,QLD,1
A00213,23,45381.26,17101.9,36,0.4903,0,self_employed,own,car,VIC,1
A00214,49,53428.18,8613.69,36,0.2134,0,employed,own,home_improvement,VIC,0
A00215,34,52165.44,8394.31,24,0.4569,1,employed,rent,car,NSW,1
A00216,54,51937.36,5317.21,60,0.1435,0,retired,own,education,NSW,0
A00217,63,32701.81,10617.36,24,0.4543,0,self_employed,rent,debt_consolidation,VIC,1
A00218,38,52584.5,6396.63,36,0.0669,1,employed,own,other,NSW,0
A00219,65,53241.69,9813.85,12,0.3753,1,retired,rent,other,NSW,0
A00220,46,96833.95,20436.74,48,0.325,0,employed,own,home_improvement,SA,1
A00221,47,125496.11,13623.55,12,0.5682,1,employed,rent,other,QLD,0
A00222,58,,14806.7,24,0.7045,0,unemployed,rent,debt_consolidation,VIC,1
A00223,59,38375.03,13543.4,48,0.496,0,retired,own,other,SA,1
A00224,65,,11333.36,60,0.3299,0,self_employed,rent,education,NSW,0
A00225,69,41215.53,10133.51,60,0.3884,0,,own,debt_consolidation,VIC,0
A00226,28,38789.5,9093.51,48,0.107,0,employed,own,debt_consolidation,WA,0
A00227,41,52765.21,17248.32,24,0.0371,0,employed,own,home_improvement,SA,0
A00228,66,33877.73,5707.04,12,0.047,1,employed,mortgage,debt_consolidation,WA,0
A00229,36,71164.4,24451.18,36,0.159,0,self_employed,own,car,NSW,0
A00230,21,51701.29,11163.97,12,0.1352,0,employed,own,education,VIC,1
A00231,49,60627.49,6979.83,60,0.2526,1,unemployed,mortgage,car,NSW,1
A00232,57,49895.05,8156.03,12,0.0618,0,self_employed,own,education,NSW,0
A00233,57,39055.36,7286.7,24,0.2615,0,employed,own,other,WA,0
A00234,60,35362.89,12041.62,24,0.3795,0,unemployed,own,other,NSW,0
A00235,52,48689.85,7110.26,12,0.2091,1,employed,mortgage,home_improvement,NSW,0
A00236,27,42321.81,21704.58,36,0.1149,0,self_employed,own,debt_consolidation,NSW,0
A00237,62,,6843.24,12,0.3303,2,employed,mortgage,education,QLD,0
A00238,41,54068.43,2797.52,48,0.1775,0,employed,own,education,QLD,0
A00239,62,29347.48,7054.36,36,0.1142,0,self_employed,rent,debt_consolidation,NSW,0
A00240,60,55837.7,3277.67,24,0.3763,0,employed,mortgage,car,VIC,0
A00241,68,29605.42,10679.47,48,0.3629,2,retired,rent,car,SA,1
A00242,21,41051.6,20650.5,48,0.5513,0,,rent,car,NSW,1
A00243,63,47455.18,16133.54,24,0.055,1,unemployed,rent,car,NSW,1
A00244,51,21292.86,4902.23,48,0.5559,0,employed,own,other,QLD,0
A00245,44,56453.83,6923.29,60,0.3166,3,employed,mortgage,debt_consolidation,NSW,1
A00246,59,57985.17,31798.68,36,0.2223,0,employed,rent,home_improvement,VIC,1
A00247,67,50457.62,13241.44,24,0.2202,0,employed,rent,other,NSW,0
A00248,46,44759.42,10965.08,60,0.1121,0,employed,rent,debt_consolidation,NSW,0
A00249,25,45792.63,20612.18,60,0.2715,0,self_employed,mortgage,education,QLD,0
A00250,56,34911.0,47650.32,24,0.4752,1,unemployed,own,other,QLD,1
A00251,32,47984.57,23811.98,12,0.2032,1,employed,own,home_improvement,NSW,0
A00252,32,42248.52,11892.33,48,0.3557,0,unemployed,mortgage,car,NSW,0
A00253,30,56458.35,13532.01,36,0.3591,0,employed,rent,car,SA,0
A00254,30,31512.47,15839.27,24,0.2998,0,unemployed,rent,education,NSW,0
A00255,65,60235.4,7573.28,36,0.4195,2,retired,rent,education,NSW,1
A00256,38,57782.92,5795.1,24,0.0648,0,self_employed,mortgage,home_improvement,VIC,0
A00257,26,50832.78,11287.71,60,0.1981,2,retired,mortgage,education,NSW,1
A00258,29,44460.56,6196.09,24,0.1505,0,self_employed,rent,education,NSW,1
A00259,40,69463.24,10542.0,24,0.1063,0,self_employed,own,other,SA,0
A00260,37,25614.89,11587.4,12,0.3976,0,employed,mortgage,other,NSW,1
A00261,36,66649.58,44561.36,24,0.1389,1,employed,own,home_improvement,WA,0
A00262,67,60437.61,6564.1,60,0.6266,0,employed,mortgage,other,VIC,0
A00263,63,61544.72,10167.25,24,0.3206,0,unemployed,own,education,NSW,0
A00264,49,64375.65,9911.18,36,0.2303,0,employed,mortgage,education,NSW,0
A00265,69,40370.72,14219.74,60,0.3567,0,self_employed,rent,other,QLD,0
A00266,37,48206.2,20497.02,12,0.3411,1,employed,own,debt_consolidation,VIC,1
A00267,27,72162.53,8149.48,24,0.3125,0,self_employed,mortgage,car,NSW,0
A00268,34,65761.36,6682.11,48,0.3257,0,retired,rent,debt_consolidation,NSW,1
A00269,25,59457.72,4087.03,12,0.5369,0,,own,other,SA,0
A00270,67,27407.06,6274.68,60,0.2418,1,employed,mortgage,car,QLD,0
A00271,31,69012.93,15091.16,48,0.2159,0,self_employed,rent,home_improvement,QLD,0
A00272,42,,11241.73,12,0.1966,0,employed,rent,car,SA,1
A00273,30,85336.04,5947.58,36,0.4507,1,unemployed,mortgage,other,NSW,0
A00274,69,60189.01,8745.89,36,0.1223,1,employed,own,education,VIC,0
A00275,28,26877.5,11146.53,36,0.2017,0,employed,own,debt_consolidation,WA,1
A00276,46,82796.84,14797.41,24,0.2416,2,retired,mortgage,car,VIC,1
A00277,67,50702.75,7661.5,24,0.0656,1,unemployed,own,other,VIC,0
A00278,46,17332.98,9411.95,24,0.3833,0,,mortgage,other,WA,1
A00279,65,64199.03,3673.64,24,0.15,1,employed,own,home_improvement,SA,0
A00280,64,27681.59,5481.69,24,0.1103,0,self_employed,mortgage,car,WA,0
A00281,58,30230.35,28872.05,60,0.2079,0,retired,rent,other,QLD,0
A00282,57,40711.61,2942.8,48,0.2383,1,self_employed,rent,education,VIC,0
A00283,49,96054.02,8931.31,24,0.2664,0,employed,rent,home_improvement,QLD,1
A00284,49,45849.5,12475.46,36,0.2229,1,employed,rent,debt_consolidation,NSW,0
A00285,61,61202.68,8737.6,36,0.3006,0,employed,rent,education,NSW,0
A00286,41,118965.12,6735.22,24,0.1917,0,employed,rent,education,NSW,1
A00287,67,111003.1,10544.43,24,0.1029,0,employed,own,car,QLD,0
A00288,64,51714.37,10905.48,60,0.5916,0,employed,mortgage,education,SA,0
A00289,39,48596.93,10412.16,24,0.2973,2,self_employed,mortgage,home_improvement,QLD,0
A00290,41,30718.13,3545.28,36,0.3159,0,unemployed,own,home_improvement,NSW,0
A00291,56,39636.03,10012.18,60,0.0505,0,employed,own,other,QLD,0
A00292,66,65605.27,6548.11,24,0.2224,0,employed,rent,other,VIC,0
A00293,25,64736.4,7874.29,48,0.2642,1,retired,mortgage,education,WA,0
A00294,24,56931.68,12533.81,12,0.1217,0,retired,rent,education,VIC,0
A00295,33,84766.93,16065.63,36,0.1556,0,retired,own,home_improvement,NSW,0
A00296,42,38270.49,18733.46,48,0.0958,0,employed,mortgage,debt_consolidation,NSW,0
A00297,28,52826.36,8120.54,48,0.0435,0,employed,own,car,NSW,0
A00298,46,75286.74,19041.99,60,0.4216,0,self_employed,rent,debt_consolidation,VIC,1
A00299,47,70464.59,22119.98,36,0.3565,0,employed,mortgage,education,VIC,1
A00300,67,87721.79,21633.16,60,0.1099,0,employed,own,home_improvement,VIC,0
A00301,57,64773.98,25181.4,24,0.415,0,retired,rent,education,QLD,1
A00302,33,47134.89,10022.53,36,0.1506,0,employed,rent,other,SA,0
A00303,59,63766.71,9852.9,24,0.6088,0,employed,mortgage,home_improvement,WA,0
A00304,60,34504.06,17944.35,12,0.1096,1,employed,own,home_improvement,VIC,1
A00305,54,25906.35,4817.86,24,0.296,1,self_employed,rent,debt_consolidation,VIC,1
A00306,54,70354.52,12402.55,36,0.2676,1,employed,mortgage,home_improvement,NSW,0
A00307,36,52848.62,7955.86,48,0.268,0,self_employed,own,debt_consolidation,QLD,0
A00308,56,62241.94,8766.8,12,0.2531,3,employed,mortgage,debt_consolidation,NSW,1
A00309,27,25236.38,3847.16,60,0.279,2,employed,rent,debt_consolidation,NSW,1
A00310,51,45967.9,6410.38,24,0.2665,2,employed,own,other,QLD,0
A00311,66,41359.78,10804.34,24,0.1369,0,employed,mortgage,other,NSW,0
A00312,68,36721.02,18640.13,48,0.0976,0,unemployed,rent,other,WA,0
A00313,35,19638.42,19811.46,48,0.5264,0,employed,own,debt_consolidation,QLD,1
A00314,37,46597.72,10423.35,36,0.1358,0,self_employed,own,debt_consolidation,VIC,0
A00315,51,81128.28,9763.7,24,0.3624,0,unemployed,rent,car,SA,1
A00316,40,64308.62,6644.82,36,0.4257,2,employed,rent,home_improvement,NSW,0
A00317,56,41339.51,13924.62,48,0.5144,0,employed,own,home_improvement,NSW,0
A00318,30,53814.91,9428.13,24,0.2547,2,employed,rent,education,VIC,0
A00319,29,76157.59,15733.24,48,0.3908,0,,own,education,SA,0
A00320,23,15643.52,31288.69,48,0.1062,0,unemployed,mortgage,debt_consolidation,NSW,1
A00321,44,51223.75,10727.6,36,0.169,0,employed,rent,car,QLD,0
A00322,31,69178.13,4454.13,48,0.2249,1,self_employed,rent,other,SA,0
A00323,35,73641.05,6525.61,24,0.3532,1,employed,mortgage,debt_consolidation,NSW,1
A00324,65,116462.96,4560.15,36,0.1714,2,employed,own,other,QLD,0
A00325,60,90288.97,5333.35,36,0.2844,0,employed,mortgage,home_improvement,QLD,0
A00326,62,62358.38,23936.56,24,0.1493,1,unemployed,rent,education,VIC,1
A00327,50,62062.0,12531.44,36,0.5364,1,employed,rent,education,VIC,1
A00328,26,77197.74,4393.56,36,0.1973,0,self_employed,own,other,SA,0
A00329,57,42501.85,16190.49,36,0.0563,0,employed,rent,other,VIC,0
A00330,50,53205.41,23300.38,12,0.5083,0,employed,rent,education,VIC,0
A00331,65,81455.13,8813.81,60,0.2764,1,unemployed,rent,car,VIC,1
A00332,44,130724.89,7291.07,60,0.2352,0,self_employed,mortgage,other,NSW,0
A00333,29,50429.4,8933.59,12,0.3869,0,self_employed,rent,home_improvement,WA,1
A00334,50,53009.14,12974.79,60,0.5958,2,employed,own,education,NSW,0
A00335,43,59237.86,16058.32,36,0.4959,1,employed,mortgage,debt_consolidation,SA,1
A00336,53,99155.21,22232.94,12,0.448,0,retired,rent,home_improvement,SA,0
A00337,39,53442.36,22640.3,48,0.703,0,employed,rent,other,WA,1
A00338,36,104947.09,22275.49,24,0.772,1,employed,rent,education,WA,0
A00339,27,35066.6,24764.16,36,0.2373,0,self_employed,own,home_improvement,QLD,0
A00340,68,49825.57,16266.01,48,0.119,1,employed,own,education,NSW,0
A00341,57,49554.37,4365.36,36,0.1565,0,self_employed,own,other,QLD,1
A00342,43,77182.47,10111.43,12,0.2727,0,self_employed,rent,debt_consolidation,QLD,1
A00343,32,86713.7,13205.02,48,0.193,1,employed,mortgage,home_improvement,NSW,0
A00344,51,27467.26,8691.7,36,0.1402,1,employed,rent,car,QLD,0
A00345,41,35889.39,18896.96,60,0.1581,1,employed,mortgage,home_improvement,NSW,0
A00346,52,63043.71,8812.02,24,0.2776,0,employed,own,home_improvement,VIC,0
A00347,25,40279.09,6276.4,48,0.5363,0,employed,own,other,NSW,0
A00348,30,27307.25,26018.92,48,0.4086,2,employed,rent,education,NSW,1
A00349,57,86449.52,16311.12,24,0.0359,1,employed,own,debt_consolidation,WA,1
A00350,24,67662.44,12475.88,24,0.1209,0,employed,own,home_improvement,QLD,0
A00351,54,67638.31,19072.93,24,0.3927,0,employed,own,education,NSW,0
A00352,41,43741.36,20692.37,12,0.1155,0,self_employed,own,car,QLD,0
A00353,21,86079.13,13421.61,24,0.4788,1,employed,rent,education,SA,0
A00354,58,48631.07,2503.4,24,0.1838,0,employed,rent,other,QLD,0
A00355,55,88733.78,7292.83,12,0.2928,2,self_employed,mortgage,debt_consolidation,QLD,0
A00356,60,35945.19,8316.96,48,0.5587,0,self_employed,mortgage,other,NSW,0
A00357,64,36887.91,6060.09,24,0.1654,1,self_employed,own,education,QLD,0
A00358,56,59402.91,12322.8,36,0.3885,1,self_employed,mortgage,other,VIC,0
A00359,62,39495.84,22366.54,24,0.2515,0,employed,mortgage,home_improvement,SA,0
A00360,26,73420.1,8176.8,24,0.4963,1,unemployed,rent,other,QLD,1
A00361,66,60903.11,5536.4,48,0.0915,0,employed,mortgage,debt_consolidation,VIC,0
A00362,65,,36931.53,36,0.2254,0,employed,rent,education,WA,0
A00363,55,55982.23,8342.66,36,0.0864,0,self_employed,own,home_improvement,QLD,0
A00364,60,46255.01,5219.83,24,0.5166,0,self_employed,own,debt_consolidation,NSW,0
A00365,57,81807.55,12614.55,36,0.2655,0,employed,own,car,NSW,0
A00366,64,40755.71,14120.88,48,0.5807,0,employed,rent,education,NSW,0
A00367,64,44461.2,7165.05,24,0.3319,0,self_employed,rent,other,QLD,0
A00368,46,93438.3,17575.69,36,0.3595,0,self_employed,rent,education,NSW,1
A00369,61,148355.55,8164.97,36,0.2597,0,employed,own,home_improvement,NSW,0
A00370,65,133192.92,6286.94,12,0.2005,1,,own,home_improvement,QLD,0
A00371,35,55739.84,12175.18,60,0.3995,0,employed,rent,other,NSW,0
A00372,23,59783.48,17369.33,36,0.4,1,retired,rent,home_improvement,NSW,0
A00373,29,108018.35,7477.76,24,0.2513,0,employed,rent,education,NSW,0
A00374,22,51226.09,13338.04,48,0.3176,0,self_employed,own,education,NSW,1
A00375,42,34913.99,10341.34,48,0.1582,0,employed,own,education,VIC,0
A00376,21,57101.98,59555.28,36,0.261,0,employed,mortgage,education,NSW,1
A00377,33,66382.09,7149.98,60,0.2752,0,,rent,other,SA,0
A00378,33,37305.0,25096.98,12,0.1051,0,self_employed,own,other,NSW,0
A00379,55,25827.52,10599.82,36,0.1613,0,retired,mortgage,home_improvement,NSW,0
A00380,33,28380.9,10136.95,36,0.5658,1,employed,own,debt_consolidation,NSW,0
A00381,67,73089.73,16865.06,60,0.3777,0,employed,own,home_improvement,WA,0
A00382,30,38512.21,18702.16,36,0.2908,0,employed,rent,debt_consolidation,QLD,0
A00383,68,50837.72,23393.4,36,0.3473,0,employed,mortgage,other,NSW,0
A00384,48,59614.34,13322.25,24,0.4416,0,employed,rent,car,NSW,0
A00385,32,71583.04,7629.38,36,0.2541,0,retired,rent,car,NSW,0
A00386,22,46597.11,7922.11,36,0.1031,2,employed,mortgage,car,QLD,1
A00387,35,67807.09,14850.55,60,0.06,1,self_employed,rent,home_improvement,QLD,0
A00388,49,36296.36,15499.14,48,0.3565,0,self_employed,own,car,QLD,1
A00389,26,46038.29,25306.85,36,0.3345,1,employed,rent,education,VIC,1
A00390,29,34166.91,14059.57,60,0.1077,1,employed,rent,debt_consolidation,VIC,0
A00391,26,90155.86,20663.02,12,0.7246,1,employed,own,other,QLD,1
A00392,54,53520.1,27175.27,48,0.2469,0,employed,own,other,NSW,0
A00393,25,38844.11,12074.85,36,0.1118,1,employed,rent,home_improvement,WA,0
A00394,22,46232.24,4485.77,48,0.1998,0,self_employed,mortgage,car,QLD,1
A00395,43,49031.69,5390.72,24,0.1955,0,self_employed,mortgage,other,QLD,0
A00396,36,74253.03,4616.16,36,0.0924,1,employed,rent,car,NSW,0
A00397,48,26422.3,28423.01,48,0.1731,1,employed,rent,car,NSW,0
A00398,66,33970.83,6578.45,12,0.4906,0,unemployed,mortgage,education,SA,0
A00399,63,45699.92,22904.87,24,0.259,0,employed,mortgage,education,SA,0
A00400,47,169318.63,15544.14,36,0.0144,0,employed,rent,home_improvement,QLD,0
A00401,52,83287.65,30612.43,48,0.3222,0,self_employed,mortgage,debt_consolidation,WA,0
A00402,60,51526.25,19967.4,24,0.1055,1,self_employed,rent,car,VIC,0
A00403,42,74637.61,10286.4,48,0.0741,0,retired,own,home_improvement,WA,0
A00404,53,136741.32,9700.98,24,0.3925,0,employed,rent,other,QLD,1
A00405,31,48767.3,11511.49,24,0.5449,0,self_employed,own,education,VIC,1
A00406,50,45941.03,12150.88,36,0.123,3,employed,rent,car,QLD,1
A00407,32,93468.02,7954.98,36,0.437,1,employed,rent,other,NSW,1
A00408,30,67668.7,10725.97,48,0.0944,0,employed,mortgage,debt_consolidation,VIC,0
A00409,58,73284.17,28726.98,48,0.5707,1,employed,own,home_improvement,WA,0
A00410,49,43100.93,3939.14,24,0.3808,0,employed,rent,education,VIC,0
A00411,39,128783.94,12773.05,36,0.2209,1,employed,rent,home_improvement,VIC,0
A00412,22,116928.26,6347.58,36,0.2475,1,self_employed,rent,education,VIC,0
A00413,32,69889.91,12237.03,24,0.2799,0,self_employed,rent,car,SA,0
A00414,60,73712.7,18104.46,48,0.173,0,employed,rent,other,NSW,0
A00415,43,21757.91,10566.39,48,0.1615,0,employed,rent,education,QLD,0
A00416,68,72183.69,17392.46,36,0.1264,0,self_employed,rent,debt_consolidation,VIC,0
A00417,65,49644.91,4213.7,60,0.6427,0,employed,mortgage,other,NSW,0
A00418,62,65858.09,21251.73,12,0.311,0,employed,own,car,NSW,1
A00419,21,73652.01,7616.88,24,0.5763,0,retired,mortgage,car,QLD,0
A00420,23,46463.33,15889.99,48,0.1238,0,employed,rent,car,NSW,0
A00421,49,,12203.39,24,0.427,2,employed,own,debt_consolidation,QLD,1
A00422,37,63929.97,2318.47,36,0.2378,0,self_employed,rent,education,VIC,0
A00423,62,38807.83,6949.06,36,0.2942,1,employed,rent,home_improvement,VIC,1
A00424,36,46695.95,12485.27,12,0.8146,0,employed,rent,debt_consolidation,WA,1
A00425,28,41273.28,27788.73,48,0.2826,0,,rent,other,NSW,0
A00426,26,46457.43,12995.53,36,0.2013,0,self_employed,rent,home_improvement,VIC,0
A00427,35,19162.6,12766.98,12,0.2231,0,unemployed,rent,car,VIC,1
A00428,51,93678.71,4686.26,24,0.0842,0,employed,rent,car,NSW,0
A00429,27,60718.62,25814.41,48,0.2312,1,employed,own,other,VIC,1
A00430,60,89333.31,32346.02,60,0.1357,1,employed,own,home_improvement,WA,0
A00431,35,132049.06,11127.17,48,0.7375,0,employed,rent,other,NSW,1
A00432,36,54729.98,9586.83,36,0.2721,0,employed,mortgage,home_improvement,QLD,0
A00433,53,24074.38,4140.49,24,0.2483,0,employed,own,education,NSW,0
A00434,63,36233.92,18582.82,24,0.1402,1,employed,mortgage,home_improvement,VIC,1
A00435,42,31473.24,55346.44,24,0.0382,0,employed,rent,debt_consolidation,VIC,1
A00436,60,43224.23,16819.06,36,0.1753,0,employed,rent,home_improvement,NSW,0
A00437,35,56153.35,23346.96,24,0.4765,2,self_employed,own,home_improvement,WA,1
A00438,27,22004.8,15142.37,24,0.3638,1,self_employed,rent,education,VIC,1
A00439,61,63203.44,6057.12,24,0.3393,0,employed,rent,debt_consolidation,NSW,0
A00440,58,27455.99,24391.83,12,0.0359,0,self_employed,mortgage,debt_consolidation,NSW,0
A00441,57,61933.37,5214.8,36,0.4387,0,employed,own,debt_consolidation,SA,0
A00442,64,51571.73,9639.27,36,0.3167,1,employed,own,other,SA,0
A00443,45,47045.29,12930.07,36,0.1979,0,employed,rent,debt_consolidation,VIC,0
A00444,30,52424.57,18578.23,60,0.0955,1,self_employed,own,debt_consolidation,NSW,1
A00445,49,42493.22,14038.96,48,0.4996,0,retired,mortgage,debt_consolidation,QLD,0
A00446,49,41125.67,13795.54,36,0.2802,0,unemployed,rent,home_improvement,NSW,0
A00447,39,25406.48,6926.48,48,0.1213,1,employed,mortgage,car,WA,0
A00448,52,53458.86,5046.13,24,0.1517,1,self_employed,own,other,NSW,0
A00449,33,124304.59,11349.04,48,0.4914,0,employed,rent,car,NSW,1
A00450,50,132087.89,7142.96,24,0.1242,0,self_employed,own,education,VIC,0
A00451,59,98205.54,4990.69,36,0.0667,0,unemployed,own,other,VIC,0
A00452,25,74429.73,5117.56,60,0.5088,0,self_employed,rent,other,NSW,1
A00453,43,39957.99,8151.22,36,0.1818,1,employed,rent,home_improvement,NSW,1
A00454,53,103697.97,3599.15,36,0.1701,1,employed,rent,home_improvement,SA,0
A00455,23,52825.15,4873.26,48,0.361,0,employed,rent,car,QLD,0
A00456,51,52522.98,4100.72,24,0.1464,0,self_employed,own,other,NSW,0
A00457,65,47521.99,12202.01,48,0.3415,0,self_employed,rent,other,WA,1
A00458,61,56465.37,13971.72,12,0.3539,2,self_employed,own,education,VIC,0
A00459,54,44540.46,36471.43,24,0.2773,1,employed,own,car,SA,1
A00460,60,52171.83,4453.66,24,0.3729,0,employed,mortgage,home_improvement,VIC,0
A00461,38,33254.0,7275.31,24,0.1964,0,employed,rent,other,NSW,0
A00462,37,45791.39,18912.28,60,0.4884,3,retired,rent,home_improvement,QLD,1
A00463,25,151183.62,9604.01,12,0.4699,0,retired,mortgage,other,VIC,1
A00464,56,52506.0,8989.4,24,0.2114,0,employed,mortgage,car,NSW,0
A00465,36,48659.52,30500.61,36,0.3421,0,employed,own,debt_consolidation,VIC,0
A00466,63,68841.94,8928.08,36,0.014,1,self_employed,mortgage,car,QLD,0
A00467,43,74507.48,5465.89,48,0.3509,1,employed,rent,home_improvement,NSW,0
A00468,64,32820.35,4963.35,24,0.3701,1,employed,rent,car,WA,0
A00469,27,49354.22,13378.67,24,0.1975,1,employed,own,other,QLD,1
A00470,28,81897.53,13136.44,48,0.1767,1,self_employed,rent,home_improvement,QLD,0
A00471,37,61170.9,4802.92,12,0.2212,0,employed,rent,home_improvement,QLD,0
A00472,22,57232.62,6055.74,12,0.1096,0,employed,own,debt_consolidation,NSW,0
A00473,45,109022.32,15075.52,24,0.3147,2,self_employed,rent,home_improvement,QLD,1
A00474,52,39934.75,15465.39,36,0.2284,0,employed,own,home_improvement,NSW,0
A00475,53,56231.68,7435.84,60,0.0673,0,self_employed,rent,home_improvement,NSW,0
A00476,31,42871.97,15888.16,36,0.3682,1,employed,rent,car,VIC,1
A00477,29,105941.12,15415.25,36,0.3748,0,employed,rent,home_improvement,NSW,0
A00478,48,22508.83,3752.4,36,0.0686,1,employed,own,car,NSW,1
A00479,52,40072.13,9070.31,36,0.122,0,employed,rent,car,QLD,0
A00480,67,42696.8,14031.71,36,0.3653,1,unemployed,rent,car,SA,1
A00481,64,73027.61,7755.48,24,0.2726,0,self_employed,rent,debt_consolidation,NSW,0
A00482,39,,3030.98,12,0.3028,1,employed,rent,car,VIC,0
A00483,28,101502.37,9229.79,24,0.2341,0,employed,rent,home_improvement,NSW,0
A00484,33,26680.42,17175.79,48,0.2589,0,employed,rent,home_improvement,VIC,1
A00485,64,75941.13,28232.9,36,0.26,1,retired,own,debt_consolidation,VIC,1
A00486,43,47478.11,2938.14,48,0.1844,0,unemployed,mortgage,education,VIC,0
A00487,69,40153.65,52469.79,12,0.0577,1,employed,mortgage,debt_consolidation,NSW,1
A00488,53,69065.17,5562.03,60,0.3478,0,employed,mortgage,car,QLD,0
A00489,50,35808.38,19422.4,24,0.15,1,employed,mortgage,other,VIC,0
A00490,25,21277.15,22937.28,60,0.3118,0,employed,rent,other,VIC,0
A00491,49,,19728.32,36,0.2666,0,employed,mortgage,debt_consolidation,QLD,1
A00492,39,27611.93,11965.36,36,0.1048,1,employed,rent,other,SA,0
A00493,62,40456.71,5448.79,48,0.638,0,employed,own,home_improvement,VIC,0
A00494,27,64035.93,15929.62,36,0.1413,0,self_employed,rent,education,SA,0
A00495,30,,7121.4,36,0.2069,1,self_employed,mortgage,other,NSW,1
A00496,53,110647.5,2407.59,24,0.2657,0,self_employed,rent,car,VIC,0
A00497,54,49521.16,59715.04,36,0.1457,0,self_employed,mortgage,car,NSW,0
A00498,61,27173.59,16728.37,24,0.2583,2,employed,own,car,VIC,1
A00499,46,38551.74,32560.21,12,0.5695,1,employed,mortgage,other,SA,0
A00500,39,35820.55,6329.82,12,0.16,0,employed,mortgage,debt_consolidation,SA,0
A00501,35,31318.95,26383.7,36,0.4358,0,employed,rent,debt_consolidation,VIC,1
A00502,39,65901.42,28393.67,24,0.0924,0,employed,mortgage,other,NSW,1
A00503,53,40523.83,27798.29,48,0.0342,0,employed,own,debt_consolidation,VIC,0
A00504,47,22251.89,10799.73,12,0.4915,0,employed,rent,other,SA,1
A00505,35,74132.94,5316.25,12,0.1483,0,employed,own,other,VIC,0
A00506,31,51526.84,9834.11,60,0.4953,1,unemployed,rent,education,NSW,1
A00507,55,63613.23,2917.08,24,0.1624,0,retired,mortgage,car,WA,0
A00508,33,56816.08,3939.43,36,0.437,1,self_employed,mortgage,other,VIC,1
A00509,31,71987.27,11558.35,24,0.4883,2,employed,own,home_improvement,VIC,1
A00510,37,55111.21,6033.97,24,0.2353,1,employed,mortgage,car,SA,1
A00511,62,94493.95,9910.32,24,0.2084,1,retired,rent,car,QLD,0
A00512,43,65594.18,10245.56,48,0.123,0,employed,own,debt_consolidation,NSW,0
A00513,50,64629.77,34837.03,12,0.1339,0,self_employed,mortgage,education,SA,0
A00514,24,65149.51,23827.03,48,0.398,0,self_employed,rent,debt_consolidation,VIC,1
A00515,37,28127.78,10647.46,60,0.5008,2,,own,debt_consolidation,NSW,1
A00516,57,50307.72,22591.74,36,0.2267,0,self_employed,rent,home_improvement,SA,0
A00517,58,48209.32,6851.15,24,0.5047,0,employed,rent,car,VIC,0
A00518,49,59480.04,8936.16,24,0.3907,1,employed,mortgage,debt_consolidation,QLD,1
A00519,63,29395.23,18885.21,24,0.4104,1,retired,own,education,QLD,0
A00520,35,113023.57,5192.67,24,0.0588,0,employed,rent,debt_consolidation,NSW,1
A00521,29,56782.01,9252.15,48,0.6774,1,employed,own,education,SA,1
A00522,24,31410.8,4951.73,12,0.1988,1,employed,mortgage,other,VIC,0
A00523,30,25109.48,11736.79,48,0.5337,0,employed,own,home_improvement,NSW,1
A00524,58,47735.03,29129.58,36,0.5888,1,employed,mortgage,car,VIC,1
A00525,65,52033.66,6965.62,12,0.3368,1,self_employed,rent,home_improvement,NSW,0
A00526,27,39213.19,12525.57,12,0.3663,1,employed,mortgage,home_improvement,SA,0
A00527,45,56469.23,6384.36,36,0.4716,0,self_employed,rent,education,QLD,0
A00528,27,40597.87,5487.73,36,0.2613,0,employed,rent,car,VIC,0
A00529,62,69441.93,5210.81,24,0.5066,0,employed,rent,education,WA,0
A00530,27,39103.07,26182.62,48,0.165,0,self_employed,own,home_improvement,WA,1
A00531,52,53245.84,45137.17,24,0.1554,2,employed,own,debt_consolidation,QLD,0
A00532,24,84160.22,14615.33,24,0.3663,1,employed,own,home_improvement,NSW,0
A00533,57,172344.56,7116.88,12,0.1974,1,employed,own,education,NSW,0
A00534,65,34425.77,16696.18,36,0.0658,1,self_employed,rent,home_improvement,WA,1
A00535,56,43957.19,8949.97,12,0.1166,0,self_employed,rent,home_improvement,WA,0
A00536,34,37126.04,17691.49,24,0.4258,0,employed,rent,other,VIC,0
A00537,62,77106.88,13024.61,48,0.3386,0,self_employed,rent,car,VIC,1
A00538,36,32317.21,12936.69,36,0.4849,0,employed,mortgage,home_improvement,VIC,0
A00539,57,43566.31,15746.38,36,0.2135,0,employed,mortgage,home_improvement,NSW,0
A00540,61,53459.49,7725.67,36,0.0292,0,unemployed,own,debt_consolidation,SA,0
A00541,44,34877.41,8581.63,36,0.0361,0,employed,rent,home_improvement,VIC,0
A00542,51,35214.17,3894.24,24,0.527,1,self_employed,mortgage,car,QLD,0
A00543,62,43737.87,8390.69,36,0.2053,1,employed,own,car,QLD,0
A00544,30,21053.07,4659.21,12,0.1526,0,employed,rent,home_improvement,NSW,1
A00545,21,28269.39,10028.55,24,0.1985,0,self_employed,rent,education,NSW,1
A00546,42,44987.26,6157.47,24,0.0693,0,employed,rent,home_improvement,NSW,0
A00547,29,57913.38,11622.99,12,0.3361,0,employed,rent,home_improvement,VIC,0
A00548,64,49831.77,14356.29,12,0.0944,0,employed,rent,debt_consolidation,QLD,0
A00549,63,24384.77,4665.39,36,0.2012,0,employed,rent,debt_consolidation,SA,0
A00550,39,43971.46,6714.55,36,0.2043,0,self_employed,mortgage,home_improvement,SA,0
A00551,36,77598.0,6210.6,24,0.3497,0,self_employed,rent,home_improvement,QLD,1
A00552,55,69573.53,17118.18,24,0.2643,0,employed,own,home_improvement,VIC,0
A00553,43,52290.16,30449.27,24,0.0971,0,employed,rent,car,VIC,0
A00554,25,36340.33,18231.79,36,0.3195,0,employed,rent,debt_consolidation,QLD,0
A00555,53,71973.07,8869.28,36,0.1545,0,self_employed,mortgage,debt_consolidation,VIC,0
A00556,56,41751.14,26344.21,60,0.2193,1,employed,rent,car,QLD,0
A00557,24,32011.11,4409.58,12,0.412,0,employed,rent,home_improvement,QLD,1
A00558,59,37760.4,26892.83,60,0.1342,0,employed,rent,other,NSW,0
A00559,47,103959.37,7378.1,60,0.2088,1,retired,rent,debt_consolidation,WA,1
A00560,61,59819.14,2062.81,24,0.4541,0,employed,own,car,NSW,0
A00561,62,91277.64,53663.2,36,0.1043,0,retired,rent,debt_consolidation,NSW,0
A00562,54,43664.85,28192.57,48,0.4752,0,employed,mortgage,debt_consolidation,SA,0
A00563,37,82633.23,5889.17,36,0.3213,1,employed,rent,other,QLD,1
A00564,39,41329.14,12105.38,24,0.1428,0,self_employed,own,other,WA,0
A00565,56,50471.18,9617.12,36,0.1303,0,retired,own,car,SA,0
A00566,24,165853.08,11629.87,48,0.415,0,employed,mortgage,car,NSW,0
A00567,32,76513.07,4491.89,12,0.2756,0,unemployed,own,education,WA,0
A00568,46,43237.93,7267.03,36,0.348,0,employed,rent,car,VIC,0
A00569,67,52147.5,14483.67,12,0.2909,1,retired,mortgage,education,NSW,1
A00570,58,62742.89,12501.67,48,0.2688,0,retired,mortgage,debt_consolidation,NSW,0
A00571,60,93405.54,22461.17,48,0.3189,0,employed,rent,car,NSW,0
A00572,30,43472.77,11474.13,12,0.1023,0,retired,mortgage,education,QLD,1
A00573,34,24745.69,44780.72,36,0.6741,0,employed,rent,education,QLD,1
A00574,34,47770.39,7119.27,36,0.0754,0,employed,mortgage,home_improvement,WA,0
A00575,57,54552.75,12779.52,12,0.3116,0,employed,rent,car,NSW,1
A00576,47,56913.74,3464.1,36,0.2312,0,employed,own,home_improvement,QLD,0
A00577,31,97979.21,5157.05,36,0.4655,2,employed,mortgage,car,NSW,1
A00578,57,,24272.9,24,0.4056,1,self_employed,own,education,NSW,0
A00579,52,78105.26,6212.5,36,0.3636,0,employed,mortgage,debt_consolidation,QLD,0
A00580,64,33007.79,15039.05,60,0.5671,2,employed,own,debt_consolidation,VIC,1
A00581,48,80061.92,10540.05,36,0.0805,1,employed,mortgage,debt_consolidation,SA,0
A00582,27,139148.77,5844.58,36,0.0328,1,employed,own,home_improvement,NSW,0
A00583,64,76711.67,8875.5,12,0.3806,0,self_employed,rent,other,NSW,0
A00584,30,60724.35,8034.18,12,0.231,0,employed,rent,education,WA,0
A00585,23,58063.63,8164.74,48,0.4595,0,employed,mortgage,home_improvement,WA,0
A00586,60,121080.88,17191.41,36,0.3396,0,employed,own,other,NSW,0
A00587,43,35695.09,16177.99,48,0.4076,1,self_employed,rent,home_improvement,VIC,1
A00588,52,51534.35,7735.26,36,0.2135,2,retired,mortgage,debt_consolidation,VIC,1
A00589,27,66642.21,6347.0,36,0.135,0,retired,own,car,NSW,0
A00590,56,75720.22,12957.14,36,0.073,0,employed,rent,home_improvement,VIC,0
A00591,40,44498.13,10300.94,36,0.5614,0,employed,own,education,QLD,0
A00592,69,62211.47,20271.46,24,0.1853,0,employed,mortgage,education,QLD,0
A00593,52,47807.38,53807.93,36,0.2495,1,self_employed,mortgage,other,NSW,0
A00594,67,57194.44,18137.82,36,0.2809,0,self_employed,own,debt_consolidation,NSW,1
A00595,59,51049.9,10712.45,36,0.545,0,self_employed,mortgage,car,NSW,1
A00596,62,32411.96,9865.25,24,0.1737,1,unemployed,rent,car,QLD,1
A00597,25,53664.07,6541.9,12,0.0478,1,employed,own,other,NSW,1
A00598,59,80395.88,6348.64,12,0.3774,0,unemployed,mortgage,other,SA,0
A00599,50,35060.9,5990.62,24,0.3745,1,self_employed,rent,other,NSW,0
A00600,40,48606.31,8628.27,48,0.1412,0,self_employed,own,car,VIC,1
